{
  "icc2": 0.38412662392919955,
  "icc2_ci_low": -0.11,
  "icc2_ci_high": 0.73,
  "icc2_pval": 0.0002160639572465168,
  "icc3": 0.6503698011718382,
  "icc3_ci_low": 0.34,
  "icc3_ci_high": 0.83,
  "icc3_pval": 0.0002160639572465168,
  "n_units": 24.0,
  "pearson_r": 0.7908884070228074,
  "n_pairs": 24.0,
  "mean_deepseek": 3.8875000000000006,
  "mean_openai": 4.404166666666667,
  "sd_deepseek": 0.5439888905515243,
  "sd_openai": 0.2851074041200227,
  "mean_diff_openai-deepseek": 0.5166666666666665,
  "icc2_z": 0.7978399731783155,
  "icc2_z_ci_low": 0.59,
  "icc2_z_ci_high": 0.91,
  "icc2_z_pval": 1.264633448213444e-06,
  "kappa_is_well_aligned": 0.23076923076923073
}